,year,site_number,N_mean,N_se,N_q025,N_q05,N_median,N_q95,N_q975,site_id,site_name,lat,lon,img_lat_mean,img_lon_mean,ccamlr_reg,ice_reg,p_ice_reg,MPA_current_name,MPA_proposed_name,in_MPA_current,in_MPA_any
1,2000,1,1320.366632,293.8570933,833.6975903,898.4423305,1289.916293,1846.071862,1985.925865,BEAN,Beaufort Island,-76.94,167.02,-76.94,146.1425,Subarea 88.1,Victoria Oates Land,Ross,Ross,NA,yes,yes
2,2000,2,14278.7852,8031.123262,3409.899162,5052.857066,12733.99059,28578.33777,34340.73067,CBEK,Cape Colbeck,-77.135,-157.715,-77.135,-131.4166667,Subarea 88.2,Amundsen Sea,Ross,Ross,NA,yes,yes
3,2000,3,24654.1666,12258.66748,6270.464777,9511.823633,22745.78277,46215.44107,54042.62529,COUL,Coulman Island,-73.35,169.61,-73.35,152.649,Subarea 88.1,Victoria Oates Land,Ross,Ross,NA,yes,yes
4,2000,4,547.0995893,228.6701338,234.9188223,287.7675826,509.9582827,949.6279931,1098.975754,CROZ,Cape Crozier,-77.46,169.32,-77.46,112.88,Subarea 88.1,Victoria Oates Land,Ross,Ross,NA,yes,yes
5,2000,5,3470.059006,1118.434145,1586.553992,1964.103038,3394.897863,5369.073127,5867.933975,FRAN,Franklin Island,-76.18,168.43,-76.18,147.37625,Subarea 88.1,Victoria Oates Land,Ross,Ross,NA,yes,yes
6,2000,6,6808.325753,4302.880904,1346.137545,2158.45909,6000.228891,14129.24355,16996.12426,ROGE,Cape Roget,-71.99,170.59,-71.99,136.472,Subarea 88.1,Victoria Oates Land,Ross,Ross,NA,yes,yes
7,2000,7,12752.32686,6032.693686,3500.94456,5230.378338,11916.21883,23323.11279,27090.74167,WASH,Cape Washington,-74.64,165.37,-74.64,0,Subarea 88.1,Victoria Oates Land,Ross,Ross,NA,yes,yes
8,2001,1,1399.838002,265.5677858,961.613829,1016.854119,1372.233791,1876.405752,2001.72192,BEAN,Beaufort Island,-76.94,167.02,-76.94,146.1425,Subarea 88.1,Victoria Oates Land,Ross,Ross,NA,yes,yes
9,2001,2,14283.12504,7309.018455,3994.669873,5603.518022,13006.82675,27423.49238,32390.7021,CBEK,Cape Colbeck,-77.135,-157.715,-77.135,-131.4166667,Subarea 88.2,Amundsen Sea,Ross,Ross,NA,yes,yes
10,2001,3,24915.4938,11177.26445,7699.440325,10779.16132,23344.73127,44567.55875,51512.3992,COUL,Coulman Island,-73.35,169.61,-73.35,152.649,Subarea 88.1,Victoria Oates Land,Ross,Ross,NA,yes,yes
11,2001,4,0,0,0,0,0,0,0,CROZ,Cape Crozier,-77.46,169.32,-77.46,112.88,Subarea 88.1,Victoria Oates Land,Ross,Ross,NA,yes,yes
12,2001,5,3479.51194,798.8317378,2188.387628,2343.865866,3392.179655,4911.766085,5291.150239,FRAN,Franklin Island,-76.18,168.43,-76.18,147.37625,Subarea 88.1,Victoria Oates Land,Ross,Ross,NA,yes,yes
13,2001,6,6693.655299,3800.761102,1515.184208,2307.330354,6013.541774,13317.7159,15792.42204,ROGE,Cape Roget,-71.99,170.59,-71.99,136.472,Subarea 88.1,Victoria Oates Land,Ross,Ross,NA,yes,yes
14,2001,7,12726.37427,5353.804321,3844.677849,5796.219941,12093.61136,22013.24444,25080.71104,WASH,Cape Washington,-74.64,165.37,-74.64,0,Subarea 88.1,Victoria Oates Land,Ross,Ross,NA,yes,yes
15,2002,1,1402.518917,248.2284431,987.8405326,1043.205485,1377.346557,1848.3269,1955.91018,BEAN,Beaufort Island,-76.94,167.02,-76.94,146.1425,Subarea 88.1,Victoria Oates Land,Ross,Ross,NA,yes,yes
16,2002,2,14338.82655,6619.69923,4640.899267,6252.544278,13306.12476,26157.16728,30731.85779,CBEK,Cape Colbeck,-77.135,-157.715,-77.135,-131.4166667,Subarea 88.2,Amundsen Sea,Ross,Ross,NA,yes,yes
17,2002,3,25055.11012,9992.071133,8781.67693,12188.20976,23783.71049,42674.54429,48430.03728,COUL,Coulman Island,-73.35,169.61,-73.35,152.649,Subarea 88.1,Victoria Oates Land,Ross,Ross,NA,yes,yes
18,2002,4,521.6812611,110.5298525,347.0757312,367.1798401,507.9481041,720.6367683,775.7631159,CROZ,Cape Crozier,-77.46,169.32,-77.46,112.88,Subarea 88.1,Victoria Oates Land,Ross,Ross,NA,yes,yes
19,2002,5,3731.852151,705.7481325,2558.040612,2713.612199,3659.729479,4994.437008,5325.659637,FRAN,Franklin Island,-76.18,168.43,-76.18,147.37625,Subarea 88.1,Victoria Oates Land,Ross,Ross,NA,yes,yes
20,2002,6,6591.033034,3439.171359,1592.239497,2462.134989,6032.065387,12586.44936,14728.59243,ROGE,Cape Roget,-71.99,170.59,-71.99,136.472,Subarea 88.1,Victoria Oates Land,Ross,Ross,NA,yes,yes
21,2002,7,12746.05088,4677.286799,4864.211056,6528.639113,12300.49088,20827.7669,23300.17073,WASH,Cape Washington,-74.64,165.37,-74.64,0,Subarea 88.1,Victoria Oates Land,Ross,Ross,NA,yes,yes
22,2003,1,1295.614457,224.9502857,902.4186327,959.0822804,1279.364078,1692.428495,1784.076061,BEAN,Beaufort Island,-76.94,167.02,-76.94,146.1425,Subarea 88.1,Victoria Oates Land,Ross,Ross,NA,yes,yes
23,2003,2,14380.86163,5906.693808,5440.142543,6993.48986,13604.58734,24909.0648,28272.18643,CBEK,Cape Colbeck,-77.135,-157.715,-77.135,-131.4166667,Subarea 88.2,Amundsen Sea,Ross,Ross,NA,yes,yes
24,2003,3,25273.47577,8712.515078,10837.1956,13868.0695,24392.82991,40234.90194,45021.60928,COUL,Coulman Island,-73.35,169.61,-73.35,152.649,Subarea 88.1,Victoria Oates Land,Ross,Ross,NA,yes,yes
25,2003,4,453.0731752,86.50449465,305.3881672,326.0310884,445.3438253,608.1774416,646.1433648,CROZ,Cape Crozier,-77.46,169.32,-77.46,112.88,Subarea 88.1,Victoria Oates Land,Ross,Ross,NA,yes,yes
26,2003,5,3671.568167,699.6481449,2466.760502,2629.101633,3618.872241,4904.710132,5189.580482,FRAN,Franklin Island,-76.18,168.43,-76.18,147.37625,Subarea 88.1,Victoria Oates Land,Ross,Ross,NA,yes,yes
27,2003,6,6504.007528,3067.924984,1877.360629,2663.350908,6056.479989,11950.32222,13726.07676,ROGE,Cape Roget,-71.99,170.59,-71.99,136.472,Subarea 88.1,Victoria Oates Land,Ross,Ross,NA,yes,yes
28,2003,7,12745.45681,3988.740713,5917.464284,7399.8444,12490.38304,19450.51701,21214.32921,WASH,Cape Washington,-74.64,165.37,-74.64,0,Subarea 88.1,Victoria Oates Land,Ross,Ross,NA,yes,yes
29,2004,1,1290.154131,214.2379017,907.6718261,966.3271203,1276.535347,1661.613918,1757.443912,BEAN,Beaufort Island,-76.94,167.02,-76.94,146.1425,Subarea 88.1,Victoria Oates Land,Ross,Ross,NA,yes,yes
30,2004,2,14417.05558,5220.23353,6136.109021,7879.138834,13866.22158,23404.5002,26239.13983,CBEK,Cape Colbeck,-77.135,-157.715,-77.135,-131.4166667,Subarea 88.2,Amundsen Sea,Ross,Ross,NA,yes,yes
31,2004,3,25509.81244,7281.690555,13724.48539,16261.30657,24955.88485,37699.25811,40896.58468,COUL,Coulman Island,-73.35,169.61,-73.35,152.649,Subarea 88.1,Victoria Oates Land,Ross,Ross,NA,yes,yes
32,2004,4,418.2145382,85.95857745,270.698158,290.0938973,411.2171881,569.836801,608.093621,CROZ,Cape Crozier,-77.46,169.32,-77.46,112.88,Subarea 88.1,Victoria Oates Land,Ross,Ross,NA,yes,yes
33,2004,5,4190.18558,697.6119049,3002.627265,3162.082475,4131.866962,5429.887559,5754.613904,FRAN,Franklin Island,-76.18,168.43,-76.18,147.37625,Subarea 88.1,Victoria Oates Land,Ross,Ross,NA,yes,yes
34,2004,6,6393.363577,2709.957438,2017.189531,2901.988909,6063.013426,11131.30042,12730.91047,ROGE,Cape Roget,-71.99,170.59,-71.99,136.472,Subarea 88.1,Victoria Oates Land,Ross,Ross,NA,yes,yes
35,2004,7,13018.61185,2666.483819,8537.977767,9144.746826,12756.34832,17756.10007,18990.79127,WASH,Cape Washington,-74.64,165.37,-74.64,0,Subarea 88.1,Victoria Oates Land,Ross,Ross,NA,yes,yes
36,2005,1,1383.938909,195.2272095,1044.349081,1095.371678,1366.645562,1727.700616,1811.733211,BEAN,Beaufort Island,-76.94,167.02,-76.94,146.1425,Subarea 88.1,Victoria Oates Land,Ross,Ross,NA,yes,yes
37,2005,2,14772.20309,3889.476338,9012.617784,9674.17222,14173.30565,21847.68728,24018.26992,CBEK,Cape Colbeck,-77.135,-157.715,-77.135,-131.4166667,Subarea 88.2,Amundsen Sea,Ross,Ross,NA,yes,yes
38,2005,3,26183.42346,4429.006344,18832.59778,19822.60867,25728.75217,34084.77582,36065.63207,COUL,Coulman Island,-73.35,169.61,-73.35,152.649,Subarea 88.1,Victoria Oates Land,Ross,Ross,NA,yes,yes
39,2005,4,433.8961616,84.32094611,291.0211682,309.2155382,425.7726072,582.8813213,617.395983,CROZ,Cape Crozier,-77.46,169.32,-77.46,112.88,Subarea 88.1,Victoria Oates Land,Ross,Ross,NA,yes,yes
40,2005,5,4434.464211,642.8830728,3317.992229,3474.3777,4383.895759,5578.814828,5842.100121,FRAN,Franklin Island,-76.18,168.43,-76.18,147.37625,Subarea 88.1,Victoria Oates Land,Ross,Ross,NA,yes,yes
41,2005,6,6300.572037,2361.867477,2312.886679,3162.94031,6079.846583,10312.15175,11552.39187,ROGE,Cape Roget,-71.99,170.59,-71.99,136.472,Subarea 88.1,Victoria Oates Land,Ross,Ross,NA,yes,yes
42,2005,7,13379.99712,2292.65797,9624.850113,10123.90093,13115.84445,17508.27995,18563.66875,WASH,Cape Washington,-74.64,165.37,-74.64,0,Subarea 88.1,Victoria Oates Land,Ross,Ross,NA,yes,yes
43,2006,1,1418.411293,204.5387791,1071.559688,1118.157708,1400.579336,1783.395641,1873.363142,BEAN,Beaufort Island,-76.94,167.02,-76.94,146.1425,Subarea 88.1,Victoria Oates Land,Ross,Ross,NA,yes,yes
44,2006,2,14348.13304,3774.93236,8342.271999,9100.325399,13896.57495,21220.65728,23041.6479,CBEK,Cape Colbeck,-77.135,-157.715,-77.135,-131.4166667,Subarea 88.2,Amundsen Sea,Ross,Ross,NA,yes,yes
45,2006,3,26294.34672,4028.981091,19520.08878,20447.21695,25918.85988,33522.10014,35235.6739,COUL,Coulman Island,-73.35,169.61,-73.35,152.649,Subarea 88.1,Victoria Oates Land,Ross,Ross,NA,yes,yes
46,2006,4,475.9471078,85.22367073,327.9899478,348.4984277,469.5290562,625.459054,661.2960085,CROZ,Cape Crozier,-77.46,169.32,-77.46,112.88,Subarea 88.1,Victoria Oates Land,Ross,Ross,NA,yes,yes
47,2006,5,4857.745892,791.3483082,3545.337052,3725.80442,4769.833876,6278.748251,6658.066973,FRAN,Franklin Island,-76.18,168.43,-76.18,147.37625,Subarea 88.1,Victoria Oates Land,Ross,Ross,NA,yes,yes
48,2006,6,6221.00312,1999.406739,2778.167873,3532.473229,6099.057457,9613.293852,10524.63794,ROGE,Cape Roget,-71.99,170.59,-71.99,136.472,Subarea 88.1,Victoria Oates Land,Ross,Ross,NA,yes,yes
49,2006,7,13892.35597,2113.698958,10405.266,10854.08297,13667.98602,17714.31174,18650.03232,WASH,Cape Washington,-74.64,165.37,-74.64,0,Subarea 88.1,Victoria Oates Land,Ross,Ross,NA,yes,yes
50,2007,1,1318.137523,214.0227346,942.0112141,996.4947124,1300.895672,1694.069776,1791.283596,BEAN,Beaufort Island,-76.94,167.02,-76.94,146.1425,Subarea 88.1,Victoria Oates Land,Ross,Ross,NA,yes,yes
51,2007,2,14584.142,4153.504341,7551.677034,9105.898654,14396.80731,21371.47433,23131.88262,CBEK,Cape Colbeck,-77.135,-157.715,-77.135,-131.4166667,Subarea 88.2,Amundsen Sea,Ross,Ross,NA,yes,yes
52,2007,3,24856.25188,4007.488201,18087.92957,19021.98323,24466.28958,32007.29522,33803.54092,COUL,Coulman Island,-73.35,169.61,-73.35,152.649,Subarea 88.1,Victoria Oates Land,Ross,Ross,NA,yes,yes
53,2007,4,539.8044972,93.90369374,374.6203927,397.7916628,534.0973209,701.6575304,740.3940777,CROZ,Cape Crozier,-77.46,169.32,-77.46,112.88,Subarea 88.1,Victoria Oates Land,Ross,Ross,NA,yes,yes
54,2007,5,4772.043447,799.4161291,3395.076669,3588.415871,4703.721422,6173.865258,6551.50279,FRAN,Franklin Island,-76.18,168.43,-76.18,147.37625,Subarea 88.1,Victoria Oates Land,Ross,Ross,NA,yes,yes
55,2007,6,6256.628749,1369.39033,3954.628445,4266.790942,6118.129006,8717.740332,9324.821756,ROGE,Cape Roget,-71.99,170.59,-71.99,136.472,Subarea 88.1,Victoria Oates Land,Ross,Ross,NA,yes,yes
56,2007,7,13521.22565,2208.272332,9840.986516,10333.28734,13298.5982,17510.87169,18541.16349,WASH,Cape Washington,-74.64,165.37,-74.64,0,Subarea 88.1,Victoria Oates Land,Ross,Ross,NA,yes,yes
57,2008,1,1318.90344,216.2606505,944.4431359,996.9085708,1300.696239,1701.72183,1797.142919,BEAN,Beaufort Island,-76.94,167.02,-76.94,146.1425,Subarea 88.1,Victoria Oates Land,Ross,Ross,NA,yes,yes
58,2008,2,15348.45386,3189.267093,10082.43147,10746.85699,15002.49073,21062.52022,22544.03001,CBEK,Cape Colbeck,-77.135,-157.715,-77.135,-131.4166667,Subarea 88.2,Amundsen Sea,Ross,Ross,NA,yes,yes
59,2008,3,24459.87154,3957.649749,17740.74025,18697.21479,24082.78888,31541.03018,33392.06887,COUL,Coulman Island,-73.35,169.61,-73.35,152.649,Subarea 88.1,Victoria Oates Land,Ross,Ross,NA,yes,yes
60,2008,4,597.7948201,104.9400789,411.997107,438.0654773,590.7998799,779.8798618,823.915762,CROZ,Cape Crozier,-77.46,169.32,-77.46,112.88,Subarea 88.1,Victoria Oates Land,Ross,Ross,NA,yes,yes
61,2008,5,4696.079138,843.5760302,3160.145233,3385.679532,4659.368786,6139.270158,6491.529985,FRAN,Franklin Island,-76.18,168.43,-76.18,147.37625,Subarea 88.1,Victoria Oates Land,Ross,Ross,NA,yes,yes
62,2008,6,6663.550401,1208.035302,4628.642412,4897.000626,6554.6105,8827.009844,9374.371115,ROGE,Cape Roget,-71.99,170.59,-71.99,136.472,Subarea 88.1,Victoria Oates Land,Ross,Ross,NA,yes,yes
63,2008,7,12416.78037,2095.681946,8742.457782,9285.451246,12269.34205,16083.56464,17025.84637,WASH,Cape Washington,-74.64,165.37,-74.64,0,Subarea 88.1,Victoria Oates Land,Ross,Ross,NA,yes,yes
64,2009,1,1350.28812,219.9765428,983.9485915,1033.71067,1327.786604,1744.963971,1851.686432,BEAN,Beaufort Island,-76.94,167.02,-76.94,146.1425,Subarea 88.1,Victoria Oates Land,Ross,Ross,NA,yes,yes
65,2009,2,16001.966,3356.452998,10421.98151,11152.79605,15649.898,21958.86367,23596.25735,CBEK,Cape Colbeck,-77.135,-157.715,-77.135,-131.4166667,Subarea 88.2,Amundsen Sea,Ross,Ross,NA,yes,yes
66,2009,3,23258.77529,3507.637292,17276.22364,18144.78202,22911.50657,29441.99185,31146.25908,COUL,Coulman Island,-73.35,169.61,-73.35,152.649,Subarea 88.1,Victoria Oates Land,Ross,Ross,NA,yes,yes
67,2009,4,644.1834681,122.5202034,427.5887678,460.1231334,635.6957662,859.4421206,913.8255506,CROZ,Cape Crozier,-77.46,169.32,-77.46,112.88,Subarea 88.1,Victoria Oates Land,Ross,Ross,NA,yes,yes
68,2009,5,5545.448868,907.9206009,4026.805123,4234.285188,5451.464397,7177.720366,7612.450887,FRAN,Franklin Island,-76.18,168.43,-76.18,147.37625,Subarea 88.1,Victoria Oates Land,Ross,Ross,NA,yes,yes
69,2009,6,7158.029288,1141.724452,5235.408837,5497.91758,7039.778372,9171.565408,9710.997601,ROGE,Cape Roget,-71.99,170.59,-71.99,136.472,Subarea 88.1,Victoria Oates Land,Ross,Ross,NA,yes,yes
70,2009,7,11743.4437,2122.871561,7983.884145,8490.448734,11628.16156,15437.82799,16387.86007,WASH,Cape Washington,-74.64,165.37,-74.64,0,Subarea 88.1,Victoria Oates Land,Ross,Ross,NA,yes,yes
71,2010,1,1353.215405,198.1109627,1017.491379,1062.792166,1334.480495,1705.631442,1795.723565,BEAN,Beaufort Island,-76.94,167.02,-76.94,146.1425,Subarea 88.1,Victoria Oates Land,Ross,Ross,NA,yes,yes
72,2010,2,17640.01087,3419.221492,12196.40721,12836.215,17220.20176,23874.91866,25587.39984,CBEK,Cape Colbeck,-77.135,-157.715,-77.135,-131.4166667,Subarea 88.2,Amundsen Sea,Ross,Ross,NA,yes,yes
73,2010,3,22195.26719,2905.084563,17034.61331,17784.80855,22008.13747,27250.83736,28460.53465,COUL,Coulman Island,-73.35,169.61,-73.35,152.649,Subarea 88.1,Victoria Oates Land,Ross,Ross,NA,yes,yes
74,2010,4,737.9024723,115.3961344,539.5557563,567.6193504,727.3672366,942.7045718,995.6615899,CROZ,Cape Crozier,-77.46,169.32,-77.46,112.88,Subarea 88.1,Victoria Oates Land,Ross,Ross,NA,yes,yes
75,2010,5,6356.405705,988.0276152,4728.586031,4929.377312,6254.061209,8125.735892,8594.234311,FRAN,Franklin Island,-76.18,168.43,-76.18,147.37625,Subarea 88.1,Victoria Oates Land,Ross,Ross,NA,yes,yes
76,2010,6,7040.274035,1019.675489,5315.321966,5550.939606,6941.634292,8875.268393,9329.196275,ROGE,Cape Roget,-71.99,170.59,-71.99,136.472,Subarea 88.1,Victoria Oates Land,Ross,Ross,NA,yes,yes
77,2010,7,11478.74546,2057.830928,7778.153435,8278.68396,11377.18009,15052.4053,15880.44682,WASH,Cape Washington,-74.64,165.37,-74.64,0,Subarea 88.1,Victoria Oates Land,Ross,Ross,NA,yes,yes
78,2011,1,1153.736868,197.7570018,794.1607536,848.0258224,1143.50854,1495.646542,1572.242512,BEAN,Beaufort Island,-76.94,167.02,-76.94,146.1425,Subarea 88.1,Victoria Oates Land,Ross,Ross,NA,yes,yes
79,2011,2,19557.7668,3731.770507,13617.04173,14330.29922,19107.8901,26332.58084,28005.78869,CBEK,Cape Colbeck,-77.135,-157.715,-77.135,-131.4166667,Subarea 88.2,Amundsen Sea,Ross,Ross,NA,yes,yes
80,2011,3,20865.86275,2143.57558,17092.68478,17638.57524,20708.98847,24617.48542,25509.14619,COUL,Coulman Island,-73.35,169.61,-73.35,152.649,Subarea 88.1,Victoria Oates Land,Ross,Ross,NA,yes,yes
81,2011,4,788.3656584,125.9543444,573.5241035,602.2899247,776.859412,1010.629655,1065.973326,CROZ,Cape Crozier,-77.46,169.32,-77.46,112.88,Subarea 88.1,Victoria Oates Land,Ross,Ross,NA,yes,yes
82,2011,5,6128.977707,949.624934,4557.506977,4756.905488,6032.369223,7857.329271,8286.169007,FRAN,Franklin Island,-76.18,168.43,-76.18,147.37625,Subarea 88.1,Victoria Oates Land,Ross,Ross,NA,yes,yes
83,2011,6,6900.760653,983.9864314,5236.658236,5461.056841,6806.336887,8678.641549,9118.400094,ROGE,Cape Roget,-71.99,170.59,-71.99,136.472,Subarea 88.1,Victoria Oates Land,Ross,Ross,NA,yes,yes
84,2011,7,12816.01038,1916.946058,9552.722492,9987.708177,12636.39928,16254.06373,17053.34274,WASH,Cape Washington,-74.64,165.37,-74.64,0,Subarea 88.1,Victoria Oates Land,Ross,Ross,NA,yes,yes
85,2012,1,1137.099236,198.5401247,783.9375351,834.4042833,1124.673377,1482.280632,1560.339986,BEAN,Beaufort Island,-76.94,167.02,-76.94,146.1425,Subarea 88.1,Victoria Oates Land,Ross,Ross,NA,yes,yes
86,2012,2,19808.74511,3722.655716,13769.41753,14565.08869,19394.48498,26493.62921,28310.76456,CBEK,Cape Colbeck,-77.135,-157.715,-77.135,-131.4166667,Subarea 88.2,Amundsen Sea,Ross,Ross,NA,yes,yes
87,2012,3,23391.12733,3550.851495,17413.73069,18242.74494,23052.22151,29710.15288,31443.95563,COUL,Coulman Island,-73.35,169.61,-73.35,152.649,Subarea 88.1,Victoria Oates Land,Ross,Ross,NA,yes,yes
88,2012,4,852.1990653,139.7573628,616.94312,649.9174178,837.0007535,1101.049561,1164.119774,CROZ,Cape Crozier,-77.46,169.32,-77.46,112.88,Subarea 88.1,Victoria Oates Land,Ross,Ross,NA,yes,yes
89,2012,5,6147.530375,1062.791351,4401.674056,4634.147653,6036.284567,8057.09111,8549.743652,FRAN,Franklin Island,-76.18,168.43,-76.18,147.37625,Subarea 88.1,Victoria Oates Land,Ross,Ross,NA,yes,yes
90,2012,6,6813.505985,983.5560829,5137.693116,5367.53937,6722.862988,8567.655749,9014.323821,ROGE,Cape Roget,-71.99,170.59,-71.99,136.472,Subarea 88.1,Victoria Oates Land,Ross,Ross,NA,yes,yes
91,2012,7,13529.23228,2385.960146,9624.214979,10135.8056,13264.08803,17825.07477,18962.4242,WASH,Cape Washington,-74.64,165.37,-74.64,0,Subarea 88.1,Victoria Oates Land,Ross,Ross,NA,yes,yes
92,2013,1,1222.219573,198.3432959,880.7129432,927.1253049,1204.504508,1572.631721,1656.502293,BEAN,Beaufort Island,-76.94,167.02,-76.94,146.1425,Subarea 88.1,Victoria Oates Land,Ross,Ross,NA,yes,yes
93,2013,2,19497.21104,3799.019152,13509.102,14261.73169,19002.48252,26489.28518,28317.0386,CBEK,Cape Colbeck,-77.135,-157.715,-77.135,-131.4166667,Subarea 88.2,Amundsen Sea,Ross,Ross,NA,yes,yes
94,2013,3,25161.05657,4438.625203,18062.89968,18984.36671,24602.7553,33271.1974,35382.97155,COUL,Coulman Island,-73.35,169.61,-73.35,152.649,Subarea 88.1,Victoria Oates Land,Ross,Ross,NA,yes,yes
95,2013,4,847.2657615,163.207104,567.6599604,605.6527987,834.402215,1131.562852,1209.417499,CROZ,Cape Crozier,-77.46,169.32,-77.46,112.88,Subarea 88.1,Victoria Oates Land,Ross,Ross,NA,yes,yes
96,2013,5,5831.99518,1078.440877,4078.047043,4302.394251,5705.194994,7772.588305,8302.949516,FRAN,Franklin Island,-76.18,168.43,-76.18,147.37625,Subarea 88.1,Victoria Oates Land,Ross,Ross,NA,yes,yes
97,2013,6,6772.192382,1074.07017,4985.660255,5224.944264,6666.677924,8684.878866,9219.219078,ROGE,Cape Roget,-71.99,170.59,-71.99,136.472,Subarea 88.1,Victoria Oates Land,Ross,Ross,NA,yes,yes
98,2013,7,12969.12794,3284.997796,7657.203223,8970.217319,12840.14882,18110.78989,19499.52933,WASH,Cape Washington,-74.64,165.37,-74.64,0,Subarea 88.1,Victoria Oates Land,Ross,Ross,NA,yes,yes
99,2014,1,1261.746559,224.8649771,894.4730181,942.4867006,1237.786962,1667.914852,1778.130125,BEAN,Beaufort Island,-76.94,167.02,-76.94,146.1425,Subarea 88.1,Victoria Oates Land,Ross,Ross,NA,yes,yes
100,2014,2,19346.62,4005.682481,13097.04038,13879.64142,18804.40376,26615.94912,28815.05952,CBEK,Cape Colbeck,-77.135,-157.715,-77.135,-131.4166667,Subarea 88.2,Amundsen Sea,Ross,Ross,NA,yes,yes
101,2014,3,27396.62798,5130.650935,19244.90582,20271.10092,26718.76279,36820.42181,39346.9675,COUL,Coulman Island,-73.35,169.61,-73.35,152.649,Subarea 88.1,Victoria Oates Land,Ross,Ross,NA,yes,yes
102,2014,4,881.8428226,175.3397368,584.2758212,623.5525018,868.3651699,1188.016668,1269.655696,CROZ,Cape Crozier,-77.46,169.32,-77.46,112.88,Subarea 88.1,Victoria Oates Land,Ross,Ross,NA,yes,yes
103,2014,5,5001.407844,1216.271826,3035.085578,3264.07461,4863.880357,7175.67594,7750.751129,FRAN,Franklin Island,-76.18,168.43,-76.18,147.37625,Subarea 88.1,Victoria Oates Land,Ross,Ross,NA,yes,yes
104,2014,6,6598.962014,1087.667091,4786.181915,5037.016144,6491.512905,8533.129436,9055.849061,ROGE,Cape Roget,-71.99,170.59,-71.99,136.472,Subarea 88.1,Victoria Oates Land,Ross,Ross,NA,yes,yes
105,2014,7,12852.76211,2595.949452,8616.66367,9194.67014,12542.39526,17542.5562,18755.8522,WASH,Cape Washington,-74.64,165.37,-74.64,0,Subarea 88.1,Victoria Oates Land,Ross,Ross,NA,yes,yes
106,2015,1,1211.758447,248.0742671,807.6302118,860.2256228,1183.002479,1656.067069,1772.651211,BEAN,Beaufort Island,-76.94,167.02,-76.94,146.1425,Subarea 88.1,Victoria Oates Land,Ross,Ross,NA,yes,yes
107,2015,2,18083.74643,4744.021699,10892.48278,11743.10714,17425.73593,26618.28986,29206.23222,CBEK,Cape Colbeck,-77.135,-157.715,-77.135,-131.4166667,Subarea 88.2,Amundsen Sea,Ross,Ross,NA,yes,yes
108,2015,3,24426.05972,5026.362557,16272.96412,17352.63429,23841.82114,33519.32847,36179.84623,COUL,Coulman Island,-73.35,169.61,-73.35,152.649,Subarea 88.1,Victoria Oates Land,Ross,Ross,NA,yes,yes
109,2015,4,953.0996324,192.0142943,628.5546128,672.1420013,936.8201981,1289.03754,1378.114079,CROZ,Cape Crozier,-77.46,169.32,-77.46,112.88,Subarea 88.1,Victoria Oates Land,Ross,Ross,NA,yes,yes
110,2015,5,4540.991035,1392.064929,2334.100252,2576.874372,4378.058576,7050.598286,7714.461784,FRAN,Franklin Island,-76.18,168.43,-76.18,147.37625,Subarea 88.1,Victoria Oates Land,Ross,Ross,NA,yes,yes
111,2015,6,6379.15819,1135.984186,4502.713613,4753.67187,6261.713444,8413.999451,8952.918178,ROGE,Cape Roget,-71.99,170.59,-71.99,136.472,Subarea 88.1,Victoria Oates Land,Ross,Ross,NA,yes,yes
112,2015,7,12828.48028,2557.0504,8707.92428,9220.378052,12525.07548,17484.71461,18779.5768,WASH,Cape Washington,-74.64,165.37,-74.64,0,Subarea 88.1,Victoria Oates Land,Ross,Ross,NA,yes,yes
113,2016,1,1236.218527,233.623753,839.4357948,890.7607229,1217.045298,1649.332125,1753.119926,BEAN,Beaufort Island,-76.94,167.02,-76.94,146.1425,Subarea 88.1,Victoria Oates Land,Ross,Ross,NA,yes,yes
114,2016,2,17113.05071,5848.504838,8386.357727,10036.97704,16464.49771,27049.32009,30509.92291,CBEK,Cape Colbeck,-77.135,-157.715,-77.135,-131.4166667,Subarea 88.2,Amundsen Sea,Ross,Ross,NA,yes,yes
115,2016,3,22751.37793,4637.608629,15129.20273,16159.60363,22230.57564,31116.82914,33337.10836,COUL,Coulman Island,-73.35,169.61,-73.35,152.649,Subarea 88.1,Victoria Oates Land,Ross,Ross,NA,yes,yes
116,2016,4,1051.998254,220.4038838,675.1318473,730.1062156,1031.897943,1438.504888,1536.65561,CROZ,Cape Crozier,-77.46,169.32,-77.46,112.88,Subarea 88.1,Victoria Oates Land,Ross,Ross,NA,yes,yes
117,2016,5,4446.669748,1393.624391,2533.459368,2717.81575,4177.442556,7088.499966,7876.205931,FRAN,Franklin Island,-76.18,168.43,-76.18,147.37625,Subarea 88.1,Victoria Oates Land,Ross,Ross,NA,yes,yes
118,2016,6,5826.486633,1231.298537,3747.717722,4012.235448,5718.269982,7983.564278,8547.809016,ROGE,Cape Roget,-71.99,170.59,-71.99,136.472,Subarea 88.1,Victoria Oates Land,Ross,Ross,NA,yes,yes
119,2016,7,13282.29827,2633.093292,9091.709966,9630.718098,12954.92359,18094.35876,19433.36162,WASH,Cape Washington,-74.64,165.37,-74.64,0,Subarea 88.1,Victoria Oates Land,Ross,Ross,NA,yes,yes
120,2017,1,1062.029889,290.6665731,580.1865326,679.1529091,1050.872791,1525.161214,1642.920256,BEAN,Beaufort Island,-76.94,167.02,-76.94,146.1425,Subarea 88.1,Victoria Oates Land,Ross,Ross,NA,yes,yes
121,2017,2,16822.80708,5961.481184,9225.05783,9968.432325,15589.88657,27603.06652,31677.05362,CBEK,Cape Colbeck,-77.135,-157.715,-77.135,-131.4166667,Subarea 88.2,Amundsen Sea,Ross,Ross,NA,yes,yes
122,2017,3,21747.59393,4766.357592,13769.04229,14809.5522,21263.11598,30191.06678,32526.25746,COUL,Coulman Island,-73.35,169.61,-73.35,152.649,Subarea 88.1,Victoria Oates Land,Ross,Ross,NA,yes,yes
123,2017,4,1229.412035,225.6248214,852.2781495,904.7312271,1206.25233,1630.162648,1733.941212,CROZ,Cape Crozier,-77.46,169.32,-77.46,112.88,Subarea 88.1,Victoria Oates Land,Ross,Ross,NA,yes,yes
124,2017,5,4287.681423,1615.678726,2244.989688,2409.927545,3917.890487,7387.262859,8299.522702,FRAN,Franklin Island,-76.18,168.43,-76.18,147.37625,Subarea 88.1,Victoria Oates Land,Ross,Ross,NA,yes,yes
125,2017,6,5636.977472,1171.293336,3706.161601,3957.14919,5514.203787,7764.140949,8292.133164,ROGE,Cape Roget,-71.99,170.59,-71.99,136.472,Subarea 88.1,Victoria Oates Land,Ross,Ross,NA,yes,yes
126,2017,7,12843.56129,3361.493854,7561.303423,8681.106285,12672.52357,18252.3691,19634.00119,WASH,Cape Washington,-74.64,165.37,-74.64,0,Subarea 88.1,Victoria Oates Land,Ross,Ross,NA,yes,yes
127,2018,1,947.6500022,260.2784498,526.1383202,572.2603366,918.7608508,1413.95289,1532.474627,BEAN,Beaufort Island,-76.94,167.02,-76.94,146.1425,Subarea 88.1,Victoria Oates Land,Ross,Ross,NA,yes,yes
128,2018,2,17002.55799,7445.241251,6615.885739,8377.798402,15816.23269,29906.03062,34495.61516,CBEK,Cape Colbeck,-77.135,-157.715,-77.135,-131.4166667,Subarea 88.2,Amundsen Sea,Ross,Ross,NA,yes,yes
129,2018,3,22233.06972,4531.1193,14844.51157,15776.61913,21697.2538,30402.95072,32686.99551,COUL,Coulman Island,-73.35,169.61,-73.35,152.649,Subarea 88.1,Victoria Oates Land,Ross,Ross,NA,yes,yes
130,2018,4,1483.060047,231.7107977,1059.161092,1121.667007,1473.573056,1877.885788,1964.449299,CROZ,Cape Crozier,-77.46,169.32,-77.46,112.88,Subarea 88.1,Victoria Oates Land,Ross,Ross,NA,yes,yes
131,2018,5,4320.068072,1938.010888,1622.237024,2004.201015,3987.778833,7873.252309,9014.248989,FRAN,Franklin Island,-76.18,168.43,-76.18,147.37625,Subarea 88.1,Victoria Oates Land,Ross,Ross,NA,yes,yes
132,2018,6,5599.775847,1139.400039,3790.09231,4014.929097,5450.469938,7687.630862,8219.506736,ROGE,Cape Roget,-71.99,170.59,-71.99,136.472,Subarea 88.1,Victoria Oates Land,Ross,Ross,NA,yes,yes
133,2018,7,12838.15376,2794.075389,8458.35385,8971.297659,12467.8172,17989.37942,19338.4235,WASH,Cape Washington,-74.64,165.37,-74.64,0,Subarea 88.1,Victoria Oates Land,Ross,Ross,NA,yes,yes
